Valencia, Barcelona, Madrid
0.9837,	1,	1
0.985,	1,	1
0.9942,	0.9999284436,	1
0.9949,	1,	1
0.9949,	1,	1
0.9756,	1,	0.9996412556