Valencia, Barcelona, Madrid
0.9706,	1,	0.9998206278
0.9681,	1,	1
0.9796,	0.9998568873,	0.9998206278
0.9936,	0.9999284436,	1
0.9936,	0.9999284436,	1
0.9358,	1,	0.9987443946